{
    "image_width": 640,
    "image_height": 480,
    "camera_matrix_l": [
        [410.3084, -0.2777, 309.3976],
        [0, 410.2129, 262.0564],
        [0, 0, 1.0000]
    ],
    "dist_coeff_l": [0.0027, 0.6848, -0.0043, 0.0066, -2.0220],
    "camera_matrix_r": [
        [409.2531, -0.3487, 299.1536],
        [0, 408.9821, 265.7137],
        [0, 0, 1.0000]
    ],
    "dist_coeff_r": [0.0357, 0.3211, -0.0042, 0.0035, -0.7268],
    "translation_vector": [-61.114637167122600, -0.044597478744966, 0.583576573837856],
    "rotation_matrix": [
        [0.999780788646075, 0.0004806193456666200, 0.020931881407937],
        [-0.0004322695666685383, 0.999997228514369, -0.0006092913311984787],
        [-0.020932935705560, 0.002304770839986, 0.999778225525102]
    ]
}